JH0,JH,"L1N1|n_id:a,n_d:he,t:undef",,39,3466
JH1,JH,"L1N2|n_id:a,n_d:he,t:undef,b_t:o/a,b_sc:L1N1",,3470,6281
JH2,JH,"L2N2|n_id:b,n_d:ho,t:dsa,b_t:i/a,b_sc:L1N2",,6282,7156
JH3,JH,"L1N2|n_id:a,n_d:he,t:undef,b_t:o/a,b_sc:L1N1",,7160,12549
JH4,JH,"L1N1|n_id:a,n_d:he,t:undef",,12553,13331
JH5,JH,"L1N2|n_id:a,n_d:he,t:undef,b_t:o/a,b_sc:L1N1",,13335,15651
JH6,JH,"L2N2|n_id:c,n_d:ho,t:dsa,b_t:i/a,b_sc:L1N2",,15652,16147
JH7,JH,"L1N2|n_id:a,n_d:he,t:undef,b_t:o/a,b_sc:L1N1",,16151,16303
JH8,JH,"L2N2|n_id:c,n_d:ho,t:dsa,b_t:i/a,b_sc:L1N2",,16304,16611
JH9,JH,"L1N2|n_id:a,n_d:he,t:undef,b_t:o/a,b_sc:L1N1",,16615,23927
YH0,YH,"L1N1|n_id:a,n_d:he,t:undef",,39,3466
YH1,YH,"L2N1|n_id:a,n_d:he,t:undef,b_t:o/a,b_sc:L1N1",,3470,12549
YH2,YH,"L1N1|n_id:a,n_d:he,t:undef",,12553,13331
YH3,YH,"L2N1|n_id:a,n_d:he,t:undef,b_t:o/a,b_sc:L1N1",,13335,14084
YH4,YH,"L1N1|n_id:a,n_d:he,t:undef",,14085,14131
YH5,YH,"L2N1|n_id:a,n_d:he,t:undef,b_t:o/a,b_sc:L1N1",,14135,21971
YH6,YH,"L1N1|n_id:a,n_d:he,t:undef",,21975,22102
YH7,YH,"L2N1|n_id:a,n_d:he,t:undef,b_t:o/a,b_sc:L1N1",,22106,22275
YH8,YH,"L1N1|n_id:a,n_d:he,t:undef",,22279,22448
YH9,YH,"L2N1|n_id:a,n_d:he,t:undef,b_t:o/a,b_sc:L1N1",,22452,22572
YH10,YH,"L1N1|n_id:a,n_d:he,t:undef",,22576,22715
YH11,YH,"L2N1|n_id:a,n_d:he,t:undef,b_t:o/a,b_sc:L1N1",,22719,23927
